{
  "NDCG@10": {
    "all-MiniLM-L6-v2": 1.0,
    "all-mpnet-base-v2": 0.96
  },
  "Recall@10": {
    "all-mpnet-base-v2": 0.88,
    "all-MiniLM-L6-v2": 0.8133333333333332
  },
  "Precision@10": {
    "all-mpnet-base-v2": 0.26400000000000007,
    "all-MiniLM-L6-v2": 0.244
  },
  "F1@10": {
    "all-mpnet-base-v2": 0.40615384615384614,
    "all-MiniLM-L6-v2": 0.3753846153846153
  },
  "MAP": {
    "all-MiniLM-L6-v2": 1.0,
    "all-mpnet-base-v2": 0.96
  },
  "MRR": {
    "all-MiniLM-L6-v2": 1.0,
    "all-mpnet-base-v2": 0.96
  },
  "Context_Coherence": {
    "all-MiniLM-L6-v2": 0.5559999999999999,
    "all-mpnet-base-v2": 0.5559999999999999
  },
  "Answer_Relevance": {
    "all-MiniLM-L6-v2": 0.11450552628660689,
    "all-mpnet-base-v2": 0.09829013080646594
  }
}