Model,Dataset,Conversations,Avg_Turns,NDCG@10,Recall@10,Precision@10,F1@10,MAP,MRR,Context_Coherence,Turn_Progression,Answer_Relevance,Retrieval_Quality,Total_Time
all-MiniLM-L6-v2,quac,25,2.0,1.0,0.8133333333333332,0.244,0.3753846153846153,1.0,1.0,0.5559999999999999,0.84,0.11450552628660689,0.3671186861395836,10.210830926895142
all-mpnet-base-v2,quac,25,2.0,0.96,0.88,0.26400000000000007,0.40615384615384614,0.96,0.96,0.5559999999999999,0.74,0.09829013080646594,0.40603833317756655,7.9238104820251465
