Model,Dataset,Conversations,Avg_Turns,NDCG@10,Recall@10,Precision@10,F1@10,MAP,MRR,Context_Coherence,Turn_Progression,Answer_Relevance,Retrieval_Quality,Total_Time
all-MiniLM-L6-v2,quac,20,2.0,1.0,0.5,0.3,0.375,1.0,1.0,0.535,0.825,0.11973852759752518,0.37713546939194204,15.43038034439087
all-mpnet-base-v2,quac,20,2.0,0.975,0.5958333333333334,0.3575,0.446875,0.975,0.975,0.535,0.75,0.10143198445439339,0.41787235364317893,7.735065698623657
