{
  "NDCG@10": {
    "all-MiniLM-L6-v2": 1.0,
    "all-mpnet-base-v2": 0.9875
  },
  "Recall@10": {
    "all-mpnet-base-v2": 0.44433100929614877,
    "all-MiniLM-L6-v2": 0.40073041168658696
  },
  "Precision@10": {
    "all-mpnet-base-v2": 0.2665986055776892,
    "all-MiniLM-L6-v2": 0.2404382470119522
  },
  "F1@10": {
    "all-mpnet-base-v2": 0.3332482569721116,
    "all-MiniLM-L6-v2": 0.30054780876494025
  },
  "MAP": {
    "all-MiniLM-L6-v2": 1.0,
    "all-mpnet-base-v2": 0.9875
  },
  "MRR": {
    "all-MiniLM-L6-v2": 1.0,
    "all-mpnet-base-v2": 0.9875
  },
  "Context_Coherence": {
    "all-MiniLM-L6-v2": 0.7106755840651913,
    "all-mpnet-base-v2": 0.7106755840651913
  },
  "Answer_Relevance": {
    "all-mpnet-base-v2": 0.1884739832227341,
    "all-MiniLM-L6-v2": 0.18692777986983347
  }
}