Model,Dataset,External_Corpus,Corpus_Size,Conversations,Avg_Turns,NDCG@10,Recall@10,Precision@10,F1@10,MAP,MRR,Context_Coherence,Turn_Progression,Answer_Relevance,Retrieval_Quality,Total_Time
all-MiniLM-L6-v2,topicqa,,20,20,12.55,1.0,0.3014608233731739,0.1808764940239044,0.22609561752988047,1.0,1.0,0.8863511681303826,0.7770562770562771,0.25411703214214176,0.604234692941149,10.514211177825928
all-mpnet-base-v2,topicqa,,20,20,12.55,1.0,0.29282868525896416,0.17569721115537848,0.2196215139442231,1.0,1.0,0.8863511681303826,0.7878787878787878,0.2755159819910748,0.6250880396223638,11.022036790847778
